Date,2021-01,2021-02,2021-03,2021-04,2021-05,2021-06,2021-07,2021-08,2021-09,2021-10,2021-11,2021-12,2022-01,2022-02,2022-03,2022-04,2022-05,2022-06,2022-07,2022-08,2022-09,2022-10,2022-11,2022-12,2023-01,2023-02,2023-03,2023-04,2023-05,2023-06,2023-07,2023-08,2023-09,2023-10,2023-11,2023-12,2024-01,2024-02,2024-03,2024-04,2024-05,2024-06,2024-07,2024-08,2024-09,2024-10,2024-11,2024-12
сѓ╣сЃџсѓисЃБсЃФсѓдсѓБсЃ╝сѓ»(сѓдсЃътеў),33,44,279,400,539,382,339,450,308,293,303,312,333,378,255,262,343,219,304,295,210,210,202,210,202,195,157,148,206,171,153,192,166,163,163,179,171,191,145,141,228,167,204,158,186,102,0,0
сѓхсѓцсЃгсЃ│сѓ╣сѓ╣сѓ║сѓФ(сѓдсЃътеў),11,34,277,489,547,316,327,341,324,270,298,355,430,431,301,383,455,363,379,429,326,293,271,328,299,285,283,352,392,324,342,494,284,317,241,290,210,242,183,283,355,195,280,329,298,178,0,0
сЃѕсѓдсѓФсѓцсЃєсѓцсѓфсЃ╝(сѓдсЃътеў),73,89,608,1454,1167,820,729,686,564,490,450,472,458,489,434,513,406,384,393,381,308,278,284,342,292,251,261,366,203,223,242,250,223,282,250,277,252,292,241,330,195,186,236,253,214,147,0,0
сЃъсЃФсѓ╝сЃ│сѓ╣сѓГсЃ╝(сѓдсЃътеў),4,11,57,98,110,58,95,121,91,59,57,71,103,91,72,65,134,68,117,92,71,67,63,54,66,47,48,43,96,46,62,47,52,40,36,51,51,59,54,61,87,62,64,55,59,44,0,0
сЃЋсѓИсѓГсѓ╗сѓГ(сѓдсЃътеў),1,0,7,22,22,28,104,80,74,53,54,35,58,56,78,125,63,65,72,50,44,45,52,69,69,57,51,74,41,41,34,38,48,42,41,40,29,30,31,71,96,227,120,87,68,44,0,0
сѓфсѓ░сЃфсѓГсЃБсЃЃсЃЌ(сѓдсЃътеў),10,39,266,456,549,437,362,365,386,369,374,528,427,419,403,372,322,299,379,313,286,269,272,274,233,221,209,170,164,164,177,145,139,125,116,147,163,161,219,132,147,146,119,175,155,114,0,0
сѓ┤сЃ╝сЃФсЃЅсѓисЃЃсЃЌ(сѓдсЃътеў),22,58,1007,1400,1414,953,829,694,594,545,454,490,527,494,511,399,424,376,485,628,331,345,314,366,296,312,304,245,180,198,235,303,268,291,201,265,215,268,362,274,232,228,217,249,205,130,0,0
сѓдсѓфсЃЃсѓФ(сѓдсЃътеў),3,15,83,149,187,136,144,140,138,120,106,131,118,148,129,109,172,107,113,95,91,117,148,171,102,86,67,90,114,100,79,70,52,61,48,77,66,51,52,97,53,74,56,55,59,50,0,0
сЃђсѓцсЃ»сѓ╣сѓФсЃ╝сЃгсЃЃсЃѕ(сѓдсЃътеў),6,37,457,737,828,435,372,356,295,249,232,279,258,312,250,279,520,282,319,346,295,324,308,427,264,244,197,244,293,225,173,187,147,160,160,218,169,202,178,187,283,206,182,200,175,163,0,0
сѓ┐сѓцсѓГсѓисЃБсЃѕсЃФ(сѓдсЃътеў),0,0,49,65,82,67,82,50,75,58,60,56,72,76,97,71,66,77,98,150,84,69,55,56,56,40,85,36,35,51,52,69,59,47,56,42,52,51,77,53,46,54,48,70,43,28,0,0
сѓ░сЃЕсѓ╣сЃ»сЃ│сЃђсЃ╝(сѓдсЃътеў),10,20,70,165,263,217,222,190,205,195,178,220,200,290,194,181,167,157,202,183,168,127,133,168,177,215,99,134,103,114,130,148,130,128,92,132,114,209,111,85,111,94,99,114,102,83,0,0
сЃњсѓисѓбсЃъсѓЙсЃ│(сѓдсЃътеў),1,1,16,37,37,138,130,63,61,58,39,48,55,71,90,60,62,49,50,46,56,49,44,52,44,36,60,43,64,79,50,56,63,40,40,52,33,57,67,45,60,41,36,42,36,27,0,0
сЃАсѓИсЃГсЃъсЃЃсѓ»сѓцсЃ╝сЃ│(сѓдсЃътеў),28,71,657,1339,1262,983,820,707,604,580,550,566,599,548,491,590,464,430,497,610,370,416,371,405,360,325,330,472,280,242,241,294,294,311,325,314,288,358,282,328,228,267,278,285,231,150,0,0
сѓесЃФсѓ│сЃ│сЃЅсЃФсЃЉсѓхсЃ╝(сѓдсЃътеў),4,8,83,117,121,122,125,80,115,90,88,97,103,110,114,80,82,81,111,93,76,48,73,65,59,56,80,55,53,56,57,63,66,57,34,57,42,55,71,39,33,29,57,59,47,29,0,0
сЃєсѓцсѓесЃасѓфсЃџсЃЕсѓфсЃ╝(сѓдсЃътеў),5,3,52,83,109,98,102,134,106,92,108,111,155,104,164,111,121,104,78,72,55,64,50,80,78,83,140,169,228,124,111,99,103,74,68,101,111,102,134,84,181,148,104,96,77,43,0,0
сЃісЃфсѓ┐сЃќсЃЕсѓцсѓбсЃ│(сѓдсЃътеў),0,1,23,59,221,181,179,158,145,174,164,156,150,167,161,159,197,119,127,104,116,98,120,157,110,93,71,105,116,63,66,89,73,68,57,81,60,78,76,57,91,69,50,48,56,62,0,0
сѓисЃ│сЃюсЃфсЃФсЃЅсЃФсЃЋ(сѓдсЃътеў),4,10,145,318,400,327,272,281,266,293,275,241,231,222,259,239,268,227,235,223,204,194,180,262,221,208,257,166,150,155,160,179,138,148,154,182,131,165,196,121,113,144,139,131,177,116,0,0
сѓесѓбсѓ░сЃФсЃ╝сЃ┤(сѓдсЃътеў),2,2,58,161,180,178,134,125,129,170,132,133,170,150,125,223,184,158,157,152,147,106,136,153,140,114,111,166,105,111,95,170,103,128,109,124,98,127,102,124,78,107,109,86,94,69,0,0
сѓбсѓ░сЃЇсѓ╣сЃЄсѓИсѓ┐сЃФ(сѓдсЃътеў),1,0,8,37,68,107,93,88,371,245,226,278,203,251,176,166,268,147,174,218,248,317,129,167,143,160,153,120,206,101,121,163,116,120,106,110,104,113,91,91,182,93,107,137,90,45,0,0
сѓ╗сѓцсѓдсЃ│сѓ╣сѓФсѓц(сѓдсЃътеў),8,9,40,131,138,537,341,307,306,288,292,367,348,349,374,584,315,270,306,304,302,204,214,244,228,217,151,313,174,193,181,183,132,159,148,133,162,174,145,263,146,179,139,134,137,99,0,0
сѓ┐сЃъсЃбсѓ»сЃГсѓ╣(сѓдсЃътеў),1,8,54,173,335,230,174,261,301,343,297,741,470,333,273,251,343,252,256,198,198,210,268,176,156,150,128,113,206,108,127,159,134,118,109,106,98,103,105,92,138,99,86,106,109,77,0,0
сЃЋсѓАсѓцсЃ│сЃбсЃ╝сѓисЃДсЃ│(сѓдсЃътеў),4,0,7,19,38,32,30,37,74,56,53,283,269,154,192,195,184,194,181,122,125,129,105,123,200,126,115,96,107,76,103,94,110,107,90,111,176,108,90,83,79,82,87,109,89,60,0,0
сЃЊсЃ»сЃЈсЃцсЃњсЃЄ(сѓдсЃътеў),3,5,54,127,197,156,138,121,108,95,123,173,99,93,124,106,105,109,97,89,97,67,55,81,62,74,93,53,69,56,67,49,55,63,66,64,47,60,90,46,61,65,32,48,43,47,0,0
сЃъсЃцсЃјсЃѕсЃЃсЃЌсѓгсЃ│(сѓдсЃътеў),2,11,216,301,406,408,219,238,206,190,181,258,149,146,178,135,204,202,156,160,124,128,97,136,107,112,147,129,130,111,112,115,99,91,81,134,110,107,118,96,93,92,87,97,156,172,0,0
сЃъсЃ│сЃЈсЃЃсѓ┐сЃ│сѓФсЃЋсѓД(сѓдсЃътеў),4,2,46,147,226,178,202,229,263,868,578,437,394,386,488,450,416,418,381,418,402,384,285,357,368,388,475,341,287,340,449,466,320,312,316,440,430,472,430,347,430,555,406,403,348,211,0,0
сЃЪсЃЏсЃјсЃќсЃФсЃюсЃ│(сѓдсЃътеў),2,18,174,413,385,355,293,244,238,341,203,228,254,379,212,246,189,184,195,186,144,169,119,156,155,159,142,202,119,100,126,128,125,145,140,133,99,164,101,167,133,129,120,136,153,120,0,0
сЃАсѓИсЃГсЃЕсѓцсѓбсЃ│(сѓдсЃътеў),1,1,26,62,59,57,41,43,46,46,33,39,30,42,67,87,59,54,58,37,39,36,35,37,61,70,32,39,33,30,23,31,37,26,29,39,30,28,25,37,28,30,27,22,28,24,0,0
сЃњсѓисѓбсѓ▒сЃюсЃј(сѓдсЃътеў),0,1,0,15,15,19,12,11,175,45,20,25,46,57,33,33,27,29,17,34,20,34,19,15,23,49,28,19,10,33,36,20,24,19,28,23,20,61,28,14,24,32,40,55,33,19,0,0
сЃдсѓГсЃјсЃЊсѓИсЃ│(сѓдсЃътеў),1,0,2,5,8,2,5,11,11,10,26,15,17,16,29,25,19,16,10,19,109,31,18,20,30,27,32,17,16,23,24,24,22,21,17,17,36,53,48,20,17,16,23,17,19,12,0,0
сЃЕсѓцсѓ╣сѓисЃБсЃ»сЃ╝(сѓдсЃътеў),8,110,957,1470,1392,1087,899,740,883,1235,691,673,650,668,730,452,539,578,539,546,391,518,398,485,435,426,514,466,354,423,432,440,415,496,373,385,297,374,393,295,292,307,388,334,313,243,0,0
сѓбсѓцсЃЇсѓ╣сЃЋсѓдсѓИсЃ│(сѓдсЃътеў),0,1,7,10,13,18,6,14,8,21,9,9,16,23,23,33,222,55,47,60,61,45,39,45,55,97,36,43,23,24,30,52,21,40,25,20,18,24,15,43,31,23,21,40,28,16,0,0
Vol.56сђїсѓбсѓцсЃЇсѓ╣сЃЋсѓдсѓИсЃ│сђЇсђљсЃѕсЃгсѓ╗сЃ│тГдтюњућЪтЙњу┤╣С╗ІсђЉ - YouTube ­Ъїљ(сѓдсЃътеў),0,0,0,0,0,0,0,0,0,0,0,0,0,0,0,0,0,0,0,0,0,0,0,0,0,0,0,0,0,0,0,0,0,0,0,0,0,0,0,0,0,0,0,0,0,0,0,0
сѓбсѓ░сЃЇсѓ╣сѓ┐сѓГсѓфсЃ│(сѓдсЃътеў),1,8,377,929,979,712,608,659,609,618,560,531,551,578,545,641,461,420,463,537,484,433,331,384,385,347,376,466,323,310,363,521,318,250,218,350,276,274,296,409,546,811,548,473,345,219,0,0
сѓбсЃЅсЃъсѓцсЃцсЃЎсѓг(сѓдсЃътеў),1,2,5,6,26,24,29,46,54,45,39,42,135,338,313,177,233,238,238,225,217,164,159,196,230,160,252,342,569,278,255,280,244,199,194,239,213,226,268,151,294,246,239,196,182,157,0,0
сѓцсЃісЃфсЃ»сЃ│(сѓдсЃътеў),1,1,1,4,11,19,12,19,21,12,18,46,28,37,24,23,50,194,72,45,44,51,90,52,43,40,34,29,63,31,36,40,35,27,29,29,27,30,23,27,46,21,27,36,34,25,0,0
сѓдсѓцсЃІсЃ│сѓ░сЃЂсѓ▒сЃЃсЃѕ(сѓдсЃътеў),2,2,17,74,154,123,98,99,92,65,78,69,61,73,95,80,74,68,62,85,94,58,36,53,43,82,55,33,38,34,39,45,35,33,35,34,32,47,72,44,40,40,27,36,30,28,0,0
сѓесѓбсѓисЃБсѓФсЃ╝сЃФ(сѓдсЃътеў),0,1,21,63,84,70,55,60,108,86,67,134,102,125,108,120,107,92,305,162,132,124,123,113,122,157,116,87,95,78,112,111,112,116,73,90,109,148,106,88,75,81,106,82,81,53,0,0
сѓесѓцсѓисЃ│сЃЋсЃЕсЃЃсѓисЃЦ(сѓдсЃътеў),3,5,13,29,44,47,59,304,281,170,166,156,195,297,210,156,170,151,135,155,134,142,145,162,146,141,151,126,107,120,124,108,103,129,69,93,82,123,149,97,107,79,169,210,151,119,0,0
сѓФсЃгсЃ│сЃЂсЃБсЃ│(сѓдсЃътеў),2,3,5,209,231,156,140,127,158,181,170,151,183,221,249,158,208,339,223,221,222,189,144,164,200,213,292,251,246,154,153,159,194,235,198,213,201,218,226,184,177,202,223,183,219,145,0,0
сѓФсЃ»сѓФсЃЪсЃЌсЃфсЃ│сѓ╗сѓ╣(сѓдсЃътеў),1,1,4,10,12,33,13,10,14,193,60,43,48,50,55,70,63,53,51,35,40,35,22,27,40,41,27,27,23,66,35,53,59,53,53,31,32,47,38,36,31,59,31,23,27,22,0,0
сѓ┤сЃ╝сЃФсЃЅсѓисЃЂсЃ╝(сѓдсЃътеў),0,1,4,12,14,11,77,60,75,62,83,52,59,66,64,108,73,77,66,75,80,58,56,48,72,62,61,73,79,70,80,82,60,56,71,68,70,71,69,93,65,66,76,56,77,50,0,0
сѓхсѓ»сЃЕсЃљсѓ»сѓисЃ│сѓфсЃ╝(сѓдсЃътеў),1,26,209,351,257,175,177,140,119,170,120,118,160,183,130,165,99,87,101,112,88,78,69,65,63,71,77,168,81,68,82,98,86,88,71,55,61,95,94,106,83,50,87,63,68,48,0,0
сѓисЃ╝сѓГсЃ│сѓ░сѓХсЃЉсЃ╝сЃФ(сѓдсЃътеў),0,0,1,1,3,3,2,3,4,2,0,0,2,4,4,13,11,5,3,7,27,20,5,7,8,5,3,13,6,4,13,15,4,4,3,5,8,7,5,18,9,5,7,6,10,18,0,0
сѓисЃ│сѓ│сѓдсѓдсѓцсЃ│сЃЄсѓБ(сѓдсЃътеў),0,1,3,2,1,11,16,18,44,50,27,34,50,45,44,53,51,46,32,40,37,58,27,15,18,131,40,50,35,29,30,46,46,30,21,19,26,23,16,41,27,17,18,35,32,13,0,0
сѓ╣сѓцсЃ╝сЃЌсЃѕсѓдсѓисЃДсѓд(сѓдсЃътеў),0,1,4,6,18,21,32,85,56,89,48,34,40,49,87,70,110,359,171,85,74,92,85,117,122,112,76,71,120,82,77,82,59,61,54,54,54,70,51,34,105,105,56,47,85,49,0,0
сѓ╣сЃ╝сЃЉсЃ╝сѓ»сЃфсЃ╝сѓ»(сѓдсЃътеў),0,8,73,125,233,151,131,117,145,195,133,137,120,152,112,122,152,113,102,92,105,103,80,96,87,70,57,54,102,65,75,71,72,73,79,84,73,81,88,109,175,83,62,80,87,53,0,0
сѓ╣сЃъсЃ╝сЃѕсЃЋсѓАсЃФсѓ│сЃ│(сѓдсЃътеў),0,3,3,9,156,90,88,116,130,70,117,133,189,177,130,296,143,118,114,203,158,118,108,165,123,124,111,171,103,107,104,99,91,61,66,87,120,96,101,127,84,75,94,125,127,70,0,0
сѓ╝сЃ│сЃјсЃГсЃќсЃГсѓц(сѓдсЃътеў),1,0,7,7,23,19,17,22,49,69,38,31,36,32,57,37,38,54,60,29,52,33,29,146,77,40,86,37,28,34,53,70,52,45,45,63,59,52,67,36,52,49,40,75,91,42,0,0
сЃѕсЃ╝сѓ╗сЃ│сѓИсЃДсЃ╝сЃђсЃ│(сѓдсЃътеў),1,4,7,11,15,17,17,32,23,22,151,33,57,97,53,59,59,52,50,68,62,55,43,46,42,83,45,54,57,70,86,63,44,51,51,52,33,100,46,30,48,36,44,43,36,28,0,0
сЃісѓФсЃцсЃъсЃЋсѓДсѓ╣сѓ┐(сѓдсЃътеў),2,2,0,6,8,11,11,14,38,42,42,46,38,47,30,59,50,35,56,66,38,42,174,83,58,40,61,80,35,53,68,75,71,65,72,66,47,75,66,98,59,54,94,72,46,34,0,0
сЃісЃфсѓ┐сѓ┐сѓцсѓисЃ│(сѓдсЃътеў),2,1,10,96,353,318,202,188,185,156,156,202,144,182,147,157,144,235,123,168,218,122,93,116,128,137,112,88,102,160,96,96,75,76,85,94,68,84,78,77,108,137,82,78,72,68,0,0
сЃІсѓисЃјсЃЋсЃЕсЃ»сЃ╝(сѓдсЃътеў),1,1,13,64,47,74,57,35,57,46,48,46,69,79,67,304,110,70,79,78,76,68,64,82,77,71,48,112,97,102,56,63,48,44,44,43,60,46,36,74,58,59,79,65,82,42,0,0
сЃЈсЃФсѓдсЃЕсЃЕ(сѓдсЃътеў),1,30,385,467,500,340,316,255,286,216,204,226,272,331,221,175,183,200,196,179,151,137,112,127,135,192,155,166,154,148,132,147,140,105,121,116,137,185,126,127,122,97,102,97,84,84,0,0
сЃљсЃ│сЃќсЃ╝сЃАсЃбсЃфсЃ╝(сѓдсЃътеў),0,0,0,6,4,7,12,12,22,19,17,12,17,18,9,22,52,12,11,68,27,28,28,19,19,25,15,18,32,47,56,34,38,20,24,19,26,20,14,26,44,22,18,27,17,8,0,0
сЃЊсѓ│сЃ╝сЃџсѓгсѓхсѓ╣(сѓдсЃътеў),0,0,0,8,5,4,14,12,28,13,14,11,20,30,15,11,15,18,13,12,17,9,11,16,15,51,19,12,16,21,15,20,24,17,11,9,14,95,25,12,15,16,13,20,14,14,0,0
сЃъсЃ╝сЃЎсЃЕсѓ╣сѓхсЃ│сЃЄсЃ╝(сѓдсЃътеў),0,2,6,21,35,18,16,19,23,22,21,54,27,28,35,21,54,28,18,31,22,21,18,23,25,38,30,26,48,108,64,41,54,34,27,33,17,24,21,27,61,31,21,24,15,15,0,0
сЃъсЃЂсѓФсЃЇсЃЋсѓ»сѓГсѓ┐сЃФ(сѓдсЃътеў),2,6,78,190,325,184,179,197,212,157,143,122,243,195,130,141,247,173,177,162,235,200,146,151,170,142,103,108,193,116,114,127,93,87,105,101,108,116,73,62,149,59,55,60,81,65,0,0
сЃЪсѓ╣сѓ┐сЃ╝сѓисЃ╝сЃЊсЃ╝(сѓдсЃътеў),0,1,3,9,14,11,21,38,44,42,48,57,62,72,73,94,122,74,74,58,50,73,50,61,70,243,242,205,108,114,100,86,105,91,86,89,64,100,96,128,65,94,66,75,68,55,0,0
сЃАсѓцсѓисЃДсѓдсЃЅсЃѕсѓд(сѓдсЃътеў),2,5,14,31,47,52,44,376,197,123,138,116,167,124,163,110,139,117,125,127,118,198,104,89,94,91,151,81,118,100,116,82,86,85,58,90,72,68,122,54,87,89,81,75,72,42,0,0
сЃАсѓИсЃГсЃЅсЃ╝сЃЎсЃФ(сѓдсЃътеў),1,2,8,18,54,48,31,22,22,25,199,123,78,93,82,83,113,92,182,99,79,78,92,70,72,85,84,74,108,82,60,78,76,77,78,128,77,99,71,75,125,87,93,95,84,53,0,0
сЃісѓцсѓ╣сЃЇсѓцсЃЂсЃБ(сѓдсЃътеў),22,23,164,642,567,415,374,335,318,254,255,380,317,332,280,597,623,290,270,252,223,158,185,210,193,220,210,369,256,183,160,207,158,271,184,204,338,232,153,265,176,141,145,168,141,124,0,0
сѓГсЃ│сѓ░сЃўсѓцсЃГсЃ╝(сѓдсЃътеў),5,9,50,234,193,209,248,203,286,254,208,236,216,227,181,317,257,168,165,209,147,179,152,162,173,142,117,192,128,128,116,136,135,111,134,165,156,165,128,179,130,148,114,112,149,114,0,0
сЃъсЃЂсѓФсЃЇсѓ┐сЃ│сЃЏсѓцсѓХ(сѓдсЃътеў),15,19,40,179,179,147,122,110,127,104,137,97,119,304,397,206,262,159,180,136,121,125,103,112,114,119,129,218,216,95,108,129,125,100,96,108,77,95,77,92,141,82,76,106,89,64,0,0
сѓцсѓ»сЃјсЃЄсѓБсѓ»сѓ┐сѓ╣(сѓдсЃътеў),10,12,27,95,85,58,52,57,103,71,56,72,73,81,92,116,109,106,72,93,66,50,52,42,53,65,56,73,51,46,34,66,52,33,42,59,31,127,86,77,42,51,42,43,34,21,0,0
сЃАсѓИсЃГсЃЉсЃ╝сЃъсЃ╝(сѓдсЃътеў),2,9,10,30,25,26,25,28,34,29,21,35,27,56,57,56,151,90,53,61,74,114,59,54,88,51,71,55,59,52,43,57,72,53,57,90,39,56,105,47,53,46,64,75,50,46,0,0
сЃђсѓцсѓ┐сѓ»сЃўсЃфсѓфсѓ╣(сѓдсЃътеў),11,12,21,61,48,40,61,42,72,45,59,53,55,69,76,110,92,92,64,74,128,129,115,83,323,175,130,134,93,90,101,107,102,81,89,98,74,105,111,140,91,93,90,104,72,65,0,0
сЃёсѓцсЃ│сѓ┐сЃ╝сЃю(сѓдсЃътеў),48,60,299,378,453,345,312,282,325,277,227,219,228,259,191,256,193,218,198,210,179,120,142,155,144,413,285,217,108,117,115,131,116,110,122,113,64,107,91,149,81,77,84,96,68,53,0,0
сѓхсЃѕсЃјсЃђсѓцсЃцсЃбсЃ│сЃЅ(сѓдсЃътеў),17,15,24,97,118,154,162,162,192,136,137,125,157,221,722,291,241,187,183,211,148,150,153,225,371,233,240,237,215,166,181,228,267,374,411,411,340,249,261,246,267,189,225,272,277,187,0,0
сѓГсѓ┐сѓхсЃ│сЃќсЃЕсЃЃсѓ»(сѓдсЃътеў),14,12,32,150,126,127,119,119,138,133,159,120,112,395,696,262,196,195,199,216,190,177,160,253,293,197,260,185,129,162,145,164,237,677,461,534,361,294,338,219,313,226,261,234,226,179,0,0
сѓхсѓ»сЃЕсЃЂсЃесЃјсѓфсЃ╝(сѓдсЃътеў),2,3,2,5,15,9,12,16,14,7,12,8,263,238,139,126,107,79,63,75,55,56,57,66,58,110,86,150,87,96,80,61,62,72,45,53,37,113,70,81,73,59,58,60,67,34,0,0
сѓисЃфсѓдсѓ╣сѓисЃ│сЃюсЃф(сѓдсЃътеў),0,0,0,6,2,3,2,2,5,38,42,24,21,34,118,124,102,85,67,73,93,62,75,64,56,54,82,57,46,57,217,142,126,96,78,91,83,93,126,79,63,86,79,70,66,33,0,0
сЃАсѓИсЃГсѓбсЃФсЃђсЃ│(сѓдсЃътеў),0,1,3,3,3,6,40,28,36,25,20,18,43,295,169,110,76,88,74,64,64,95,97,82,85,94,191,168,112,99,94,91,108,133,74,97,92,109,170,94,115,90,96,105,121,89,0,0
сЃцсѓесЃјсЃасЃєсѓГ(сѓдсЃътеў),0,1,0,7,9,8,18,17,23,17,12,10,21,35,34,138,75,42,30,27,34,42,34,27,24,29,28,43,19,30,24,36,41,34,19,21,21,28,20,78,59,37,39,28,28,14,0,0
сЃёсЃФсЃъсЃФсЃёсЃесѓи(сѓдсЃътеў),0,0,0,0,0,0,0,0,0,0,0,0,0,0,25,27,14,13,42,40,37,59,27,20,28,29,30,36,16,20,24,25,20,13,27,17,12,10,13,27,15,12,18,14,16,6,0,0
сЃАсѓИсЃГсЃќсЃЕсѓцсЃѕ(сѓдсЃътеў),0,0,0,0,0,0,0,0,1,1,56,33,12,27,128,119,61,40,49,50,37,35,31,41,37,34,31,67,31,28,24,38,44,26,41,131,54,51,31,61,45,34,48,45,36,30,0,0
сЃЄсѓбсЃфсЃ│сѓ░сѓ┐сѓ»сЃѕ(сѓдсЃътеў),0,0,1,0,0,1,0,0,0,0,0,0,0,0,0,0,1,0,44,67,39,24,40,23,21,25,21,31,16,24,17,23,21,51,24,23,23,30,32,38,18,29,39,16,46,33,0,0
сѓхсѓ»сЃЕсЃГсЃ╝сЃгсЃФ(сѓдсЃътеў),0,0,0,0,0,0,0,0,0,0,0,0,0,27,18,6,30,3,8,15,22,15,17,41,36,31,29,212,96,48,53,72,67,141,58,60,38,79,93,65,108,59,63,56,56,48,0,0
сЃісЃфсѓ┐сЃѕсЃЃсЃЌсЃГсЃ╝сЃЅ(сѓдсЃътеў),0,0,0,0,0,1,0,0,0,0,0,1,22,60,70,84,93,53,50,38,31,34,35,40,31,39,41,217,376,121,109,246,190,105,87,109,98,133,132,104,253,158,142,101,106,89,0,0
сЃцсЃъсЃІсЃ│сѓ╝сЃЋсѓАсЃ╝(сѓдсЃътеў),0,0,0,1,1,0,1,0,2,0,0,1,0,12,13,14,21,10,1,6,8,96,67,28,38,25,28,27,33,43,30,35,53,33,27,29,22,34,32,31,58,35,37,39,53,18,0,0
сЃЋсЃфсѓфсЃ╝сѓй(сѓдсЃътеў),0,0,0,0,0,0,0,0,0,0,0,0,0,0,0,0,0,0,0,0,0,0,0,0,0,0,0,0,0,0,0,0,0,0,2,1,0,12,18,19,25,9,7,9,10,4,0,0
сЃѕсЃЕсЃ│сѓ╗сЃ│сЃЅ(сѓдсЃътеў),0,0,0,0,0,0,0,0,0,0,0,0,0,0,0,0,0,0,0,1,0,0,0,0,0,0,0,0,0,0,0,0,0,0,0,0,0,23,595,227,140,83,107,105,86,60,0,0
сѓесѓ╣сЃЮсЃ»сЃ╝сЃФсѓисЃЂсЃ╝(сѓдсЃътеў),0,0,0,0,0,0,0,0,0,0,0,0,0,0,0,0,0,0,0,0,0,0,0,0,0,0,0,0,0,0,0,0,0,0,0,2,0,30,62,54,31,24,19,25,23,17,0,0
сЃјсЃ╝сѓ╣сЃЋсЃЕсѓцсЃѕ(сѓдсЃътеў),0,0,0,0,0,0,0,0,0,0,0,0,0,0,0,0,0,0,0,0,0,0,0,0,0,0,0,0,0,0,0,0,26,8,4,0,5,33,8,23,50,34,24,15,15,11,0,0
сѓисЃ│сЃюсЃфсѓ»сЃфсѓ╣сѓесѓ╣(сѓдсЃътеў),0,0,0,0,0,0,0,0,2,1,1,2,0,1,3,0,64,26,22,14,14,65,43,62,104,62,127,81,58,45,55,64,72,79,37,56,101,64,53,54,56,56,45,49,71,29,0,0
сѓ┐сЃІсЃјсѓ«сЃасЃгсЃЃсЃѕ(сѓдсЃътеў),0,0,0,0,0,1,0,0,0,0,0,1,0,0,0,0,143,38,32,18,25,72,54,34,41,25,18,21,150,76,72,52,49,44,30,52,44,41,46,33,84,35,37,35,35,20,0,0
сЃђсѓцсѓцсЃЂсЃФсЃЊсЃ╝(сѓдсЃътеў),0,0,0,1,0,0,0,0,0,0,0,0,0,0,0,0,0,1,0,21,51,51,32,18,57,37,186,110,60,50,62,76,76,62,35,52,40,58,63,133,57,58,72,66,57,46,0,0
сЃАсѓИсЃГсЃЕсЃбсЃ╝сЃї(сѓдсЃътеў),0,0,0,0,0,0,0,0,0,1,0,0,0,3,0,0,0,0,0,0,0,2,77,28,24,57,97,75,56,48,52,52,77,213,116,102,66,70,77,80,60,75,77,69,53,43,0,0
сѓбсѓ╣сЃѕсЃ│сЃъсЃ╝сЃЂсЃБсЃ│(сѓдсЃътеў),0,0,0,0,0,0,0,0,0,1,0,0,0,29,35,16,13,7,7,26,31,436,161,107,129,95,192,106,104,111,112,103,87,85,59,65,59,92,121,50,59,87,69,65,60,44,0,0
сѓхсЃѕсЃјсѓ»сЃЕсѓдсЃ│(сѓдсЃътеў),0,0,0,0,0,0,0,0,0,0,1,0,0,3,10,6,1,0,2,0,0,1,8,2,6,18,25,13,17,20,19,33,27,68,68,218,132,101,121,82,47,54,83,77,59,35,0,0
сѓисЃЦсЃ┤сѓАсЃФсѓ░сЃЕсЃ│(сѓдсЃътеў),0,0,0,0,0,0,0,0,0,0,0,0,0,49,35,18,8,7,5,7,5,2,50,14,9,30,148,91,43,56,60,69,73,116,179,444,561,440,451,313,302,187,213,263,243,149,0,0
сЃ┤сѓБсЃФсѓисЃ╝сЃі(сѓдсЃътеў),0,0,0,0,0,0,0,0,2,0,0,0,0,1,0,0,1,0,1,0,0,0,0,2,0,0,1,0,1,0,0,0,0,9,105,120,169,159,222,169,200,148,92,166,138,89,0,0
сЃ┤сѓБсЃќсЃГсѓ╣(сѓдсЃътеў),0,0,0,0,0,0,0,0,0,0,0,0,0,0,0,0,0,0,0,0,0,0,0,0,0,0,0,0,1,0,0,0,0,13,158,149,422,321,196,242,131,121,138,137,106,80,0,0
сЃђсЃ│сЃёсЃЋсЃгсЃ╝сЃа(сѓдсЃътеў),0,0,0,0,0,0,0,0,0,1,0,0,0,0,0,0,0,0,0,0,0,0,0,0,0,0,0,0,0,0,0,0,0,0,0,0,0,26,34,48,189,689,294,209,164,91,0,0
сѓ▒сѓцсѓесѓ╣сЃЪсЃЕсѓ»сЃФ(сѓдсЃътеў),0,0,0,0,0,0,0,0,0,0,0,0,0,0,0,0,0,0,0,35,50,56,42,23,32,43,63,24,15,30,32,37,174,93,56,55,56,54,105,64,60,53,70,57,47,28,0,0
сѓИсЃБсЃ│сѓ░сЃФсЃЮсѓ▒сЃЃсЃѕ(сѓдсЃътеў),0,0,0,0,0,0,3,0,0,0,0,0,0,0,0,0,2,1,0,0,0,0,0,0,0,34,64,28,41,22,19,69,34,28,26,62,60,42,48,65,298,622,290,199,151,96,0,0
сЃЊсЃфсЃ╝сЃ┤(сѓдсЃътеў),0,0,0,0,0,0,0,0,0,0,0,0,0,0,0,0,0,0,0,0,0,0,0,0,0,0,0,0,0,0,0,0,0,0,0,0,0,0,0,0,0,7,21,17,11,9,0,0
сЃјсЃ╝сЃфсЃ╝сѓ║сЃ│(сѓдсЃътеў),0,0,0,0,0,0,0,0,0,0,0,0,0,0,0,0,0,0,0,0,0,0,0,0,0,0,0,0,0,0,0,0,0,0,0,0,0,18,23,44,45,48,13,19,10,5,0,0
сѓ╣сЃєсѓБсЃФсѓцсЃ│сЃЕсЃќ(сѓдсЃътеў),0,0,0,0,0,0,0,0,0,0,0,0,0,0,0,0,0,0,0,0,0,0,0,0,0,0,0,0,0,0,0,0,0,1,1,1,0,89,116,78,109,76,50,89,142,66,0,0
сѓ│сЃЉсЃјсЃфсЃЃсѓГсЃ╝(сѓдсЃътеў),0,0,0,0,0,0,0,0,0,0,0,0,0,0,0,0,106,16,24,335,311,169,82,95,130,92,121,72,65,78,71,132,66,61,93,90,106,92,116,62,94,64,103,108,99,58,0,0
сЃЏсЃЃсѓ│сЃ╝сѓ┐сЃФсЃъсѓе(сѓдсЃътеў),0,0,0,0,0,0,0,0,0,0,0,0,0,0,0,0,0,0,16,81,101,46,27,41,402,153,100,85,123,64,88,105,95,64,70,84,67,78,66,83,103,75,108,155,86,52,0,0
сЃ»сЃ│сЃђсЃ╝сѓбсѓГсЃЦсЃ╝сЃѕ(сѓдсЃътеў),0,0,0,0,0,0,0,0,0,0,0,0,0,0,0,0,0,0,38,98,85,34,127,66,68,42,65,36,41,45,39,53,58,37,43,51,47,47,77,41,40,31,47,68,45,27,0,0
сѓхсЃасѓйсЃ│сЃЊсЃЃсѓ░(сѓдсЃътеў),0,0,0,0,0,0,0,0,0,0,0,0,0,0,0,0,0,0,0,0,0,0,0,0,0,0,0,0,0,0,0,0,0,0,59,19,5,12,8,13,6,7,3,8,5,7,0,0
сѓхсѓдсЃ│сѓ║сѓфсЃќсѓбсЃ╝сѓ╣(сѓдсЃътеў),0,0,0,0,0,0,0,0,0,0,0,0,0,0,0,0,0,0,0,0,0,0,0,1,0,1,1,0,1,0,0,10,7,16,17,38,24,24,24,63,24,23,18,18,18,7,0,0
сЃГсѓцсѓ╣сѓбсЃ│сЃЅсЃГсѓцсѓ╣(сѓдсЃътеў),0,0,0,0,0,0,0,0,0,0,0,0,0,0,0,0,0,0,0,0,0,0,0,0,0,1,1,0,0,0,0,0,0,6,7,30,19,16,30,8,2,2,4,7,2,2,0,0
сѓФсЃёсЃЕсѓ«сѓесЃ╝сѓ╣(сѓдсЃътеў),0,0,0,0,0,0,0,0,0,0,0,0,0,1,0,0,0,0,0,1,0,0,1,0,0,57,126,123,70,70,210,142,120,98,87,79,72,96,67,109,72,95,88,76,53,40,0,0
сЃЇсѓфсЃдсЃІсЃ┤сѓАсЃ╝сѓ╣(сѓдсЃътеў),0,0,0,0,0,0,0,0,0,0,0,0,0,0,0,1,0,0,0,0,0,0,0,0,0,55,89,312,227,104,99,65,102,106,78,77,76,91,71,93,126,88,75,84,119,49,0,0
сЃњсѓисЃЪсЃЕсѓ»сЃФ(сѓдсЃътеў),0,0,0,0,0,0,0,0,0,0,0,0,0,0,0,0,0,0,0,0,0,0,0,16,19,29,33,38,273,207,223,226,279,174,148,166,192,181,239,137,233,201,154,162,149,101,0,0
сѓ┐сЃЃсЃЌсЃђсЃ│сѓ╣сѓисЃЂсЃ╝(сѓдсЃътеў),0,0,0,0,0,0,0,0,0,0,0,0,0,0,0,0,0,0,0,2,0,0,1,0,0,6,25,10,9,18,13,21,23,23,70,38,30,24,45,17,10,24,9,12,14,11,0,0
сЃЅсѓЦсЃЕсЃАсЃ│сЃє(сѓдсЃътеў),0,0,0,0,0,0,0,0,1,0,1,1,1,0,0,0,0,0,0,0,0,0,0,1,0,2,3,1,3,3,3,2,1,308,126,90,67,118,150,72,54,39,45,30,33,21,0,0
сЃЕсѓцсЃ│сѓ»сЃЕсЃЋсЃѕ(сѓдсЃътеў),0,0,0,0,0,0,0,0,0,0,0,0,0,0,0,0,0,0,0,0,0,0,0,0,0,0,0,0,0,0,0,0,0,0,0,0,0,49,91,111,42,31,23,20,60,27,0,0
сѓисЃ╝сѓХсЃфсѓф(сѓдсЃътеў),0,0,1,0,0,0,0,0,0,0,0,0,7,3,0,0,0,0,1,1,0,0,0,2,0,0,0,0,1,0,0,0,0,1,0,0,81,81,94,88,68,39,34,38,202,44,0,0
сѓесѓбсЃАсѓхсѓцсѓб(сѓдсЃътеў),0,0,0,0,0,0,0,0,0,0,0,0,0,0,0,0,0,0,0,0,0,0,0,0,0,0,0,0,0,0,0,0,0,0,0,0,0,24,14,28,7,8,6,6,11,10,0,0
сЃЄсѓбсЃфсЃ│сѓ░сЃЈсЃ╝сЃѕ(сѓдсЃътеў),0,0,0,0,0,0,0,0,0,0,0,0,0,0,0,0,0,0,0,0,0,0,0,0,0,0,0,0,0,0,0,0,0,0,0,0,0,22,26,20,13,8,4,10,16,12,0,0
сЃЋсѓхсѓцсЃЂсЃЉсЃ│сЃЅсЃЕ(сѓдсЃътеў),0,0,0,0,0,0,0,0,0,0,0,0,0,1,0,0,0,0,0,0,0,0,0,0,0,0,0,0,0,0,0,0,0,0,0,0,0,0,0,0,0,0,0,0,22,11,0,0
сЃќсѓесЃісЃЊсѓ╣сѓ┐(сѓдсЃътеў),1,1,1,0,1,2,0,0,1,2,1,1,2,3,3,2,4,4,5,2,1,3,3,3,3,2,1,1,1,1,1,1,0,3,5,4,4,4,3,1,2,41,61,35,35,19,0,0
сѓфсЃФсЃЋсѓДсЃ╝сЃ┤сЃФ(сѓдсЃътеў),0,0,0,2,3,7,0,1,6,4,5,6,10,8,7,4,11,12,7,15,5,11,13,9,13,4,3,3,8,5,7,7,5,17,8,10,10,192,243,103,120,162,153,87,74,52,0,0
сѓИсѓДсЃ│сЃєсѓБсЃФсЃЅсЃ│сЃі(сѓдсЃътеў),0,0,0,0,0,0,0,0,0,1,0,0,1,3,1,3,2,1,2,3,0,1,1,2,0,0,1,0,0,1,2,1,2,3,2,2,2,213,485,265,260,181,182,372,369,156,0,0
сѓдсѓцсЃ│сЃљсЃфсѓбсѓисѓфсЃ│(сѓдсЃътеў),0,0,0,0,0,0,0,1,0,0,0,0,1,0,0,0,0,0,0,0,0,0,0,0,0,0,0,0,0,0,0,0,0,0,0,0,0,42,67,107,65,39,43,51,40,29,0,0
сЃЅсЃфсЃ╝сЃасѓИсЃБсЃ╝сЃІсЃ╝(сѓдсЃътеў),1,0,0,0,0,0,0,1,0,0,1,2,2,3,1,0,0,2,0,5,2,6,2,0,4,1,1,1,1,0,3,2,3,4,2,1,0,5,2,2,1,274,377,199,165,104,0,0
сѓФсЃФсѓ╣сЃѕсЃ│сЃЕсѓцсЃѕсѓф(сѓдсЃътеў),0,0,0,0,0,0,0,0,0,0,0,0,0,0,0,0,0,0,0,0,0,0,0,0,0,0,0,0,1,0,0,0,0,0,0,0,0,0,0,0,0,31,358,198,158,72,0,0
сЃЄсЃЦсЃЕсЃ│сЃђсЃФ(сѓдсЃътеў),0,0,0,0,0,0,0,0,0,0,0,0,0,0,0,0,0,0,0,0,0,1,0,0,0,0,0,0,0,0,0,0,2,0,0,0,0,0,1,0,0,54,79,61,254,102,0,0
сЃљсЃќсЃФсѓгсЃасЃЋсѓДсЃГсЃ╝(сѓдсЃътеў),0,0,0,0,0,0,0,0,0,0,0,0,0,1,0,0,0,0,0,1,0,0,0,0,0,0,0,0,0,2,0,0,0,0,0,0,0,0,1,0,0,0,0,12,5,68,0,0
